rmse,mae,r2,max_absolute_error,mean_bias,mape,task,model,seed,test_sample_count,training_seconds,inference_seconds,runtime_seconds,final_cycle_drift,cold_sample_count,cold_mae,hot_sample_count,hot_mae,soc_0.0_0.2_sample_count,soc_0.0_0.2_mae,soc_0.2_0.8_sample_count,soc_0.2_0.8_mae,soc_0.8_1.0_sample_count,soc_0.8_1.0_mae,data_provenance,split_strategy,hyperparameters,scenario
0.005062967290776549,0.004167244635603959,0.9773740173673593,0.015008948409506617,-0.0007877112453819744,0.6780286404161953,soc,ridge,11,600,0.0008300000008603092,8.819999857223593e-05,0.0009181999994325452,-0.0018031935983393588,137,0.0024847578515289604,274,0.005156608074397714,0,0.0,600,0.004167244635603959,0,0.0,synthetic data generated inside this project,held_out_cell,{},nominal
0.023988818209329844,0.018663753261828026,0.4920570782320425,0.0739431362080295,0.004799971427438571,3.026385117935913,soc,random_forest,11,600,1.4974414999996952,0.002894599998398917,1.5003360999980941,0.0187879472716439,137,0.022995727335287992,274,0.01737578882222444,0,0.0,600,0.018663753261828026,0,0.0,synthetic data generated inside this project,held_out_cell,"{""max_depth"": 10, ""min_samples_leaf"": 2, ""n_estimators"": 60}",nominal
0.019766548275312944,0.015229026713740277,0.655127249239494,0.05982990693230761,0.005800187782729766,2.494738603602739,soc,hist_gradient_boosting,11,600,0.38549739999871235,0.002843499998562038,0.3883408999972744,0.02182970950036467,137,0.017561737513321955,274,0.014127381764630341,0,0.0,600,0.015229026713740277,0,0.0,synthetic data generated inside this project,held_out_cell,{},nominal
0.0561396071577067,0.03953685931647702,-1.7818643227014257,0.46027121921001346,0.003006801911827437,6.447126169493954,soc,mlp,11,600,0.12663509999765665,0.00022779999926569872,0.12686289999692235,0.011618868167675434,137,0.045828056706659334,274,0.039771342665692044,0,0.0,600,0.03953685931647702,0,0.0,synthetic data generated inside this project,held_out_cell,"{""alpha"": 0.0005, ""hidden_layer_sizes"": [32], ""max_iter"": 250}",nominal
0.01308402133765243,0.010223712136178599,0.8488947013463026,0.05617991761089425,0.0004721415272713068,1.6752247835442828,soc,narx,11,600,0.25850569999965956,0.6798091000018758,0.9383148000015353,-0.010024909909675861,137,0.011954359910970963,274,0.009357954046869616,0,0.0,600,0.010223712136178599,0,0.0,synthetic data generated inside this project,held_out_cell,"{""feedback_delays"": 3, ""hidden_layers"": [24, 12], ""input_delays"": 4, ""max_iter"": 180}",nominal
0.028638274169927962,0.022274343241049783,0.09235315628598739,0.08870802577409576,-0.006893380743928187,3.642555067711547,soc,temporal_cnn,11,480,0.530613999999332,0.00064580000253045,0.5312598000018625,-0.018240728966122943,110,0.02315617236473252,226,0.01724700858992797,0,0.0,480,0.022274343241049783,0,0.0,synthetic data generated inside this project,held_out_cell,"{""channels"": 12}",nominal
0.01850806690997058,0.014846808244495762,0.6209073724573084,0.05505957206331413,0.003241017199886409,2.4312546424468664,soc,gru,11,480,1.3403657999988354,0.002419100001134211,1.3427848999999696,-0.009614208332425433,110,0.014287038257330374,226,0.013263389837841802,0,0.0,480,0.014846808244495762,0,0.0,synthetic data generated inside this project,held_out_cell,"{""hidden_size"": 12}",nominal
0.12393026797180993,0.11235735695498517,-12.55663751112344,0.18666071874998247,-0.11235735695498517,18.26676588343947,soc,coulomb_counting,11,600,0.0,0.021537500000704313,0.021537500000704313,-0.17925510406023343,137,0.09405565262752583,274,0.12180363492674835,0,0.0,600,0.11235735695498517,0,0.0,synthetic data generated inside this project,held_out_cell,{},nominal
0.022938700484546305,0.018718126849992776,0.5355544269625496,0.05841753831593954,-0.01743491648383508,3.095151251409001,soc,ocv_lookup,11,600,0.0,5.9699999837903306e-05,5.9699999837903306e-05,-0.011609774172105292,137,0.033303381480696274,274,0.009357334082415633,0,0.0,600,0.018718126849992776,0,0.0,synthetic data generated inside this project,held_out_cell,{},nominal
0.021879884349916175,0.017876608219822298,0.5774411028390154,0.046733737333303105,-0.017557182133159224,2.9634151125683714,soc,ekf,11,600,0.0,0.028846699999121483,0.028846699999121483,-0.012148560330628277,137,0.03368345046815321,274,0.007724939514809797,0,0.0,600,0.017876608219822298,0,0.0,synthetic data generated inside this project,held_out_cell,{},nominal
0.005062967290776549,0.004167244635603959,0.9773740173673593,0.015008948409506617,-0.0007877112453819744,0.6780286404161953,soc,ridge,42,600,0.0008119999984046444,0.00011589999849093147,0.0009278999968955759,-0.0018031935983393588,137,0.0024847578515289604,274,0.005156608074397714,0,0.0,600,0.004167244635603959,0,0.0,synthetic data generated inside this project,held_out_cell,{},nominal
0.022473803007996954,0.017961954792560846,0.5541894459358254,0.06851077172710551,0.005222643158096659,2.920772646296465,soc,random_forest,42,600,1.5412676999985706,0.003993599999375874,1.5452612999979465,0.015533698935141116,137,0.021581167067601804,274,0.016744304938081708,0,0.0,600,0.017961954792560846,0,0.0,synthetic data generated inside this project,held_out_cell,"{""max_depth"": 10, ""min_samples_leaf"": 2, ""n_estimators"": 60}",nominal
0.019766548275312944,0.015229026713740277,0.655127249239494,0.05982990693230761,0.005800187782729766,2.494738603602739,soc,hist_gradient_boosting,42,600,0.4548145000007935,0.005312600002071122,0.4601271000028646,0.02182970950036467,137,0.017561737513321955,274,0.014127381764630341,0,0.0,600,0.015229026713740277,0,0.0,synthetic data generated inside this project,held_out_cell,{},nominal
0.05580635139181559,0.04193129034753973,-1.7489349621198365,0.2519263937468309,-0.004799184208867801,6.899543952802991,soc,mlp,42,600,0.21842019999894546,0.000267100000201026,0.2186872999991465,0.09204718638736353,137,0.04769259469570804,274,0.039538813852380485,0,0.0,600,0.04193129034753973,0,0.0,synthetic data generated inside this project,held_out_cell,"{""alpha"": 0.0005, ""hidden_layer_sizes"": [32], ""max_iter"": 250}",nominal
0.011256953364815673,0.009054743570983067,0.8881492398513648,0.05623044598254795,-0.0014009523551895852,1.47836367239913,soc,narx,42,600,0.2778935999995156,0.6901209999996354,0.968014599999151,-0.007749271038094974,137,0.008690444250742418,274,0.007870966716917598,0,0.0,600,0.009054743570983067,0,0.0,synthetic data generated inside this project,held_out_cell,"{""feedback_delays"": 3, ""hidden_layers"": [24, 12], ""input_delays"": 4, ""max_iter"": 180}",nominal
0.036910317682723265,0.02916133898874395,-0.5077133594058614,0.11853564577523401,0.0031641439719324984,4.784615411030986,soc,temporal_cnn,42,480,0.5202876000003016,0.0007366999998339452,0.5210243000001356,-0.028039732567197162,110,0.03195512683267419,226,0.027700705345879477,0,0.0,480,0.02916133898874395,0,0.0,synthetic data generated inside this project,held_out_cell,"{""channels"": 12}",nominal
0.01837864641513834,0.01451285211284371,0.6261905625020852,0.06209593078340536,-0.0003848770138297798,2.368208992793287,soc,gru,42,480,1.340879600000335,0.0031583999989379663,1.3440379999992729,-0.03482679425848134,110,0.015625338710609008,226,0.014856697849305508,0,0.0,480,0.01451285211284371,0,0.0,synthetic data generated inside this project,held_out_cell,"{""hidden_size"": 12}",nominal
0.12393026797180993,0.11235735695498517,-12.55663751112344,0.18666071874998247,-0.11235735695498517,18.26676588343947,soc,coulomb_counting,42,600,0.0,0.021670399997674394,0.021670399997674394,-0.17925510406023343,137,0.09405565262752583,274,0.12180363492674835,0,0.0,600,0.11235735695498517,0,0.0,synthetic data generated inside this project,held_out_cell,{},nominal
0.022938700484546305,0.018718126849992776,0.5355544269625496,0.05841753831593954,-0.01743491648383508,3.095151251409001,soc,ocv_lookup,42,600,0.0,9.87999992503319e-05,9.87999992503319e-05,-0.011609774172105292,137,0.033303381480696274,274,0.009357334082415633,0,0.0,600,0.018718126849992776,0,0.0,synthetic data generated inside this project,held_out_cell,{},nominal
0.021879884349916175,0.017876608219822298,0.5774411028390154,0.046733737333303105,-0.017557182133159224,2.9634151125683714,soc,ekf,42,600,0.0,0.02671560000089812,0.02671560000089812,-0.012148560330628277,137,0.03368345046815321,274,0.007724939514809797,0,0.0,600,0.017876608219822298,0,0.0,synthetic data generated inside this project,held_out_cell,{},nominal
0.005062967290776549,0.004167244635603959,0.9773740173673593,0.015008948409506617,-0.0007877112453819744,0.6780286404161953,soc,ridge,73,600,0.0008525999983248767,0.00010269999984302558,0.0009552999981679022,-0.0018031935983393588,137,0.0024847578515289604,274,0.005156608074397714,0,0.0,600,0.004167244635603959,0,0.0,synthetic data generated inside this project,held_out_cell,{},nominal
0.022506934164901765,0.018091363416111714,0.5528740382470726,0.07627566169130662,0.004704048102027895,2.9450433756979297,soc,random_forest,73,600,1.4782004000007873,0.003110899997409433,1.4813112999981968,0.019327743519198748,137,0.02138688083082907,274,0.01684594681749232,0,0.0,600,0.018091363416111714,0,0.0,synthetic data generated inside this project,held_out_cell,"{""max_depth"": 10, ""min_samples_leaf"": 2, ""n_estimators"": 60}",nominal
0.019766548275312944,0.015229026713740277,0.655127249239494,0.05982990693230761,0.005800187782729766,2.494738603602739,soc,hist_gradient_boosting,73,600,0.3921219000003475,0.0030413999993470497,0.3951632999996946,0.02182970950036467,137,0.017561737513321955,274,0.014127381764630341,0,0.0,600,0.015229026713740277,0,0.0,synthetic data generated inside this project,held_out_cell,{},nominal
0.05492536801884298,0.04108582107830599,-1.662828258900046,0.24295735745930158,1.193858280493787e-05,6.711803024330458,soc,mlp,73,600,0.13075979999848641,0.00023430000146618113,0.1309940999999526,0.023369374580325175,137,0.04526877113595966,274,0.038591495437865955,0,0.0,600,0.04108582107830599,0,0.0,synthetic data generated inside this project,held_out_cell,"{""alpha"": 0.0005, ""hidden_layer_sizes"": [32], ""max_iter"": 250}",nominal
0.013602789355866644,0.011455170534706552,0.8366748175721709,0.04270494655961643,7.963066942760963e-05,1.8690472905067874,soc,narx,73,600,0.2626775999997335,0.6871939999982715,0.949871599998005,-0.014213168735189186,137,0.008617458211593472,274,0.0117775606321848,0,0.0,600,0.011455170534706552,0,0.0,synthetic data generated inside this project,held_out_cell,"{""feedback_delays"": 3, ""hidden_layers"": [24, 12], ""input_delays"": 4, ""max_iter"": 180}",nominal
0.0481439974916103,0.037568724066841225,-1.5651189689394234,0.1472634477104543,-0.005643058270382318,6.166049827013544,soc,temporal_cnn,73,480,0.9561442000012903,0.0011496999977680389,0.9572938999990583,0.008783003696077984,110,0.04092599129074831,226,0.03614995532070809,0,0.0,480,0.037568724066841225,0,0.0,synthetic data generated inside this project,held_out_cell,"{""channels"": 12}",nominal
0.029359305297200666,0.023742687774975013,0.046073822418503885,0.08614226811441705,0.0033686673763717884,3.8817342092754226,soc,gru,73,480,3.214744000000792,0.003601899999921443,3.2183459000007133,0.03548558653222911,110,0.028024292422103886,226,0.02221731697452386,0,0.0,480,0.023742687774975013,0,0.0,synthetic data generated inside this project,held_out_cell,"{""hidden_size"": 12}",nominal
0.12393026797180993,0.11235735695498517,-12.55663751112344,0.18666071874998247,-0.11235735695498517,18.26676588343947,soc,coulomb_counting,73,600,0.0,0.027401600000303006,0.027401600000303006,-0.17925510406023343,137,0.09405565262752583,274,0.12180363492674835,0,0.0,600,0.11235735695498517,0,0.0,synthetic data generated inside this project,held_out_cell,{},nominal
0.022938700484546305,0.018718126849992776,0.5355544269625496,0.05841753831593954,-0.01743491648383508,3.095151251409001,soc,ocv_lookup,73,600,0.0,7.259999983943999e-05,7.259999983943999e-05,-0.011609774172105292,137,0.033303381480696274,274,0.009357334082415633,0,0.0,600,0.018718126849992776,0,0.0,synthetic data generated inside this project,held_out_cell,{},nominal
0.021879884349916175,0.017876608219822298,0.5774411028390154,0.046733737333303105,-0.017557182133159224,2.9634151125683714,soc,ekf,73,600,0.0,0.036116700001002755,0.036116700001002755,-0.012148560330628277,137,0.03368345046815321,274,0.007724939514809797,0,0.0,600,0.017876608219822298,0,0.0,synthetic data generated inside this project,held_out_cell,{},nominal
0.008643569398138526,0.006932516538122921,0.9340547600804225,0.03333510035071874,-0.0013878486018067391,1.1320119607784487,soc,ridge,11,600,0.0010561000017332844,9.969999882741831e-05,0.0011558000005607028,0.001982073910773874,137,0.006746298494214616,274,0.0069946844561292664,0,0.0,600,0.006932516538122921,0,0.0,synthetic data generated inside this project,held_out_cell,{},increased_sensor_noise
0.028179936596862777,0.022301827512133613,0.29906583419341093,0.08260763359428636,0.003583436459942273,3.6612528405781255,soc,random_forest,11,600,1.7463446000001568,0.005366100001992891,1.7517107000021497,0.027688935050590557,137,0.02320853475686888,274,0.02034957807635143,0,0.0,600,0.022301827512133613,0,0.0,synthetic data generated inside this project,held_out_cell,"{""max_depth"": 10, ""min_samples_leaf"": 2, ""n_estimators"": 60}",increased_sensor_noise
0.02143129575148212,0.016780382777896632,0.5945903655899589,0.06726102798980116,0.004872769264625334,2.751874680029152,soc,hist_gradient_boosting,11,600,1.1581595999996352,0.00773279999702936,1.1658923999966646,0.022594478683310326,137,0.01831960268779351,274,0.015084027396106297,0,0.0,600,0.016780382777896632,0,0.0,synthetic data generated inside this project,held_out_cell,{},increased_sensor_noise
0.05546628320308901,0.04088699957991529,-1.7155345684693932,0.44938253849654075,-0.006864743973252666,6.650361229457971,soc,mlp,11,600,0.18836910000027274,0.00048740000056568533,0.18885650000083842,0.008396140708988642,137,0.041956282058454225,274,0.04013440231083908,0,0.0,600,0.04088699957991529,0,0.0,synthetic data generated inside this project,held_out_cell,"{""alpha"": 0.0005, ""hidden_layer_sizes"": [32], ""max_iter"": 250}",increased_sensor_noise
0.015008058773912397,0.011631145799233075,0.8011863265614902,0.07555961913550263,-0.0001342053120063638,1.9178475748670518,soc,narx,11,600,0.43092429999887827,0.9819059000001289,1.4128301999990072,-0.007271215845253143,137,0.014627533366353605,274,0.009940683701889582,0,0.0,600,0.011631145799233075,0,0.0,synthetic data generated inside this project,held_out_cell,"{""feedback_delays"": 3, ""hidden_layers"": [24, 12], ""input_delays"": 4, ""max_iter"": 180}",increased_sensor_noise
0.028709431347188195,0.022601379097260448,0.0878371142589921,0.08717073309926582,-0.003102472188738418,3.6991282863908204,soc,temporal_cnn,11,480,0.7141847000020789,0.0012926999988849275,0.7154774000009638,-0.020655968777066547,110,0.022794508547409227,226,0.018856799650397566,0,0.0,480,0.022601379097260448,0,0.0,synthetic data generated inside this project,held_out_cell,"{""channels"": 12}",increased_sensor_noise
0.020838585033678417,0.016789508202903987,0.5194266652766886,0.06957554500557817,0.0010539947572674032,2.75936801691398,soc,gru,11,480,1.9693289000024379,0.0035637000000861008,1.972892600002524,-0.011133649937039691,110,0.015181773080406961,226,0.015249061345316542,0,0.0,480,0.016789508202903987,0,0.0,synthetic data generated inside this project,held_out_cell,"{""hidden_size"": 12}",increased_sensor_noise
0.12393120256219643,0.11235372283378295,-12.55684198015384,0.18666720834428174,-0.11235372283378295,18.266412360711254,soc,coulomb_counting,11,600,0.0,0.03138580000086222,0.03138580000086222,-0.17919241688809323,137,0.09411058522762734,274,0.12174914823395307,0,0.0,600,0.11235372283378295,0,0.0,synthetic data generated inside this project,held_out_cell,{},increased_sensor_noise
0.030822934250286923,0.024615632728489358,0.16141871487383752,0.08777430633262351,-0.018530022472780565,4.047953504114702,soc,ocv_lookup,11,600,0.0,5.9699999837903306e-05,5.9699999837903306e-05,-0.003206280164743003,137,0.03472752503558382,274,0.018197882453697824,0,0.0,600,0.024615632728489358,0,0.0,synthetic data generated inside this project,held_out_cell,{},increased_sensor_noise
0.023284290634555734,0.019274374339156478,0.5214545082985242,0.05544484982207876,-0.018675628089547574,3.197015110408969,soc,ekf,11,600,0.0,0.03527880000183359,0.03527880000183359,-0.005887091524595434,137,0.034124596899434985,274,0.010205603355723625,0,0.0,600,0.019274374339156478,0,0.0,synthetic data generated inside this project,held_out_cell,{},increased_sensor_noise
0.008643569398138526,0.006932516538122921,0.9340547600804225,0.03333510035071874,-0.0013878486018067391,1.1320119607784487,soc,ridge,42,600,0.0016675000006216578,0.00013330000001587905,0.0018008000006375369,0.001982073910773874,137,0.006746298494214616,274,0.0069946844561292664,0,0.0,600,0.006932516538122921,0,0.0,synthetic data generated inside this project,held_out_cell,{},increased_sensor_noise
0.02580962693873374,0.02047133140636012,0.41202256350701894,0.07509482962079495,0.0026460955863236626,3.3615047146174795,soc,random_forest,42,600,1.7534402999990562,0.005351100000552833,1.758791399999609,0.01741378337129551,137,0.02238995606361208,274,0.01915896758110937,0,0.0,600,0.02047133140636012,0,0.0,synthetic data generated inside this project,held_out_cell,"{""max_depth"": 10, ""min_samples_leaf"": 2, ""n_estimators"": 60}",increased_sensor_noise
0.02143129575148212,0.016780382777896632,0.5945903655899589,0.06726102798980116,0.004872769264625334,2.751874680029152,soc,hist_gradient_boosting,42,600,1.0718696000003547,0.012988500002393266,1.084858100002748,0.022594478683310326,137,0.01831960268779351,274,0.015084027396106297,0,0.0,600,0.016780382777896632,0,0.0,synthetic data generated inside this project,held_out_cell,{},increased_sensor_noise
0.05826837841196891,0.043149211410357706,-1.9968366420544146,0.3495595604497288,-0.00449491511305145,7.108754735051474,soc,mlp,42,600,0.25866820000010193,0.00029089999952702783,0.25895909999962896,0.10788919306451328,137,0.04930473167903091,274,0.037442489514946914,0,0.0,600,0.043149211410357706,0,0.0,synthetic data generated inside this project,held_out_cell,"{""alpha"": 0.0005, ""hidden_layer_sizes"": [32], ""max_iter"": 250}",increased_sensor_noise
0.016574124919477042,0.012690897835718293,0.7575297714878765,0.14449309478405847,-0.0014266945585784039,2.077331629687548,soc,narx,42,600,0.38726600000154576,1.1292833000006794,1.5165493000022252,0.004657271299092436,137,0.010181308027663831,274,0.012543218631821567,0,0.0,600,0.012690897835718293,0,0.0,synthetic data generated inside this project,held_out_cell,"{""feedback_delays"": 3, ""hidden_layers"": [24, 12], ""input_delays"": 4, ""max_iter"": 180}",increased_sensor_noise
0.03854584263863872,0.030270068104521757,-0.6442895810353102,0.1217985933612119,0.0007046752173032041,4.9789457906745245,soc,temporal_cnn,42,480,0.7234639000016614,0.000781399998231791,0.7242452999998932,-0.01133410035741933,110,0.030544051060334695,226,0.02873967545737066,0,0.0,480,0.030270068104521757,0,0.0,synthetic data generated inside this project,held_out_cell,"{""channels"": 12}",increased_sensor_noise
0.021364957337618354,0.01712488063918515,0.4948419517575797,0.06725223669172875,-0.0017405128853196226,2.8017851570133776,soc,gru,42,480,1.9535910000013246,0.005301200002577389,1.958892200003902,-0.01750872432363637,110,0.01794351896079049,226,0.017108981163154544,0,0.0,480,0.01712488063918515,0,0.0,synthetic data generated inside this project,held_out_cell,"{""hidden_size"": 12}",increased_sensor_noise
0.12393120256219643,0.11235372283378295,-12.55684198015384,0.18666720834428174,-0.11235372283378295,18.266412360711254,soc,coulomb_counting,42,600,0.0,0.029637300001922995,0.029637300001922995,-0.17919241688809323,137,0.09411058522762734,274,0.12174914823395307,0,0.0,600,0.11235372283378295,0,0.0,synthetic data generated inside this project,held_out_cell,{},increased_sensor_noise
0.030822934250286923,0.024615632728489358,0.16141871487383752,0.08777430633262351,-0.018530022472780565,4.047953504114702,soc,ocv_lookup,42,600,0.0,7.069999992381781e-05,7.069999992381781e-05,-0.003206280164743003,137,0.03472752503558382,274,0.018197882453697824,0,0.0,600,0.024615632728489358,0,0.0,synthetic data generated inside this project,held_out_cell,{},increased_sensor_noise
0.023284290634555734,0.019274374339156478,0.5214545082985242,0.05544484982207876,-0.018675628089547574,3.197015110408969,soc,ekf,42,600,0.0,0.03778020000027027,0.03778020000027027,-0.005887091524595434,137,0.034124596899434985,274,0.010205603355723625,0,0.0,600,0.019274374339156478,0,0.0,synthetic data generated inside this project,held_out_cell,{},increased_sensor_noise
0.008643569398138526,0.006932516538122921,0.9340547600804225,0.03333510035071874,-0.0013878486018067391,1.1320119607784487,soc,ridge,73,600,0.0011855000011564698,0.0001244000013684854,0.0013099000025249552,0.001982073910773874,137,0.006746298494214616,274,0.0069946844561292664,0,0.0,600,0.006932516538122921,0,0.0,synthetic data generated inside this project,held_out_cell,{},increased_sensor_noise
0.02673158231036785,0.02128971558502542,0.3692655690862905,0.09120725875880331,0.003683962747363302,3.500827982638905,soc,random_forest,73,600,1.8949505999989924,0.005477399998198962,1.9004279999971914,0.020901965611626938,137,0.02322231941976811,274,0.01939420464658206,0,0.0,600,0.02128971558502542,0,0.0,synthetic data generated inside this project,held_out_cell,"{""max_depth"": 10, ""min_samples_leaf"": 2, ""n_estimators"": 60}",increased_sensor_noise
0.02143129575148212,0.016780382777896632,0.5945903655899589,0.06726102798980116,0.004872769264625334,2.751874680029152,soc,hist_gradient_boosting,73,600,8.502944200001366,0.06882780000159983,8.571772000002966,0.022594478683310326,137,0.01831960268779351,274,0.015084027396106297,0,0.0,600,0.016780382777896632,0,0.0,synthetic data generated inside this project,held_out_cell,{},increased_sensor_noise
0.05194253379707699,0.0382813318552266,-1.381460969990243,0.3156381860882682,0.007386415946549415,6.243649126726667,soc,mlp,73,600,0.4678128999985347,0.00031829999716137536,0.4681311999956961,0.027285903747228835,137,0.043593163341337934,274,0.03535234143956729,0,0.0,600,0.0382813318552266,0,0.0,synthetic data generated inside this project,held_out_cell,"{""alpha"": 0.0005, ""hidden_layer_sizes"": [32], ""max_iter"": 250}",increased_sensor_noise
0.017158346168641755,0.013621993843561104,0.7401348404257341,0.09261877066132829,-0.002263978918177514,2.2265383786185695,soc,narx,73,600,0.6728020000009565,1.0797041000005265,1.752506100001483,0.0021191536220624974,137,0.012246126361321235,274,0.012803514098037955,0,0.0,600,0.013621993843561104,0,0.0,synthetic data generated inside this project,held_out_cell,"{""feedback_delays"": 3, ""hidden_layers"": [24, 12], ""input_delays"": 4, ""max_iter"": 180}",increased_sensor_noise
0.0527958326132211,0.04077772333866393,-2.0847679732445275,0.1672001871586587,-0.0003413926314984083,6.583678850134779,soc,temporal_cnn,73,480,1.3344452000019373,0.002831400001014117,1.3372766000029515,0.03461219967233531,110,0.038040831093830024,226,0.040972457357749625,0,0.0,480,0.04077772333866393,0,0.0,synthetic data generated inside this project,held_out_cell,"{""channels"": 12}",increased_sensor_noise
0.028899041994957946,0.022515739922584422,0.07574861731663185,0.08760801690300601,0.0047452437255110025,3.691121997845439,soc,gru,73,480,3.548821600001247,0.0036564000001817476,3.552478000001429,0.020189484962099713,110,0.023625864991572113,226,0.02002205574854159,0,0.0,480,0.022515739922584422,0,0.0,synthetic data generated inside this project,held_out_cell,"{""hidden_size"": 12}",increased_sensor_noise
0.12393120256219643,0.11235372283378295,-12.55684198015384,0.18666720834428174,-0.11235372283378295,18.266412360711254,soc,coulomb_counting,73,600,0.0,0.03028710000216961,0.03028710000216961,-0.17919241688809323,137,0.09411058522762734,274,0.12174914823395307,0,0.0,600,0.11235372283378295,0,0.0,synthetic data generated inside this project,held_out_cell,{},increased_sensor_noise
0.030822934250286923,0.024615632728489358,0.16141871487383752,0.08777430633262351,-0.018530022472780565,4.047953504114702,soc,ocv_lookup,73,600,0.0,7.48999991628807e-05,7.48999991628807e-05,-0.003206280164743003,137,0.03472752503558382,274,0.018197882453697824,0,0.0,600,0.024615632728489358,0,0.0,synthetic data generated inside this project,held_out_cell,{},increased_sensor_noise
0.023284290634555734,0.019274374339156478,0.5214545082985242,0.05544484982207876,-0.018675628089547574,3.197015110408969,soc,ekf,73,600,0.0,0.04172570000082487,0.04172570000082487,-0.005887091524595434,137,0.034124596899434985,274,0.010205603355723625,0,0.0,600,0.019274374339156478,0,0.0,synthetic data generated inside this project,held_out_cell,{},increased_sensor_noise
0.0050547197406794345,0.004158121506677187,0.9774476725667774,0.014936293902463205,-0.0008006670501527865,0.6764313880200041,soc,ridge,11,600,0.0010639000029186718,0.00015519999942625873,0.0012191000023449305,-0.001761452404426489,137,0.0024780543564967145,274,0.005142038093879747,0,0.0,600,0.004158121506677187,0,0.0,synthetic data generated inside this project,held_out_cell,{},current_sensor_bias
0.02368780769243463,0.018481994271378383,0.5047243879205221,0.06823594623930351,0.004422553804240954,2.9980282574142607,soc,random_forest,11,600,1.849796400001651,0.004293999998481013,1.854090400000132,0.018508420781457424,137,0.022527436525437643,274,0.017308082812289387,0,0.0,600,0.018481994271378383,0,0.0,synthetic data generated inside this project,held_out_cell,"{""max_depth"": 10, ""min_samples_leaf"": 2, ""n_estimators"": 60}",current_sensor_bias
0.019850710941568834,0.015134522679529508,0.6521841756693312,0.06383553783197105,0.005299379818450782,2.4790394896170467,soc,hist_gradient_boosting,11,600,5.908943099999306,0.10015879999991739,6.009101899999223,0.019263205660088545,137,0.01786714246095505,274,0.013609405227107928,0,0.0,600,0.015134522679529508,0,0.0,synthetic data generated inside this project,held_out_cell,{},current_sensor_bias
0.05667895154803817,0.0399658386840783,-1.8355729335107531,0.46027121921001346,0.0034861121129222995,6.5186431482989,soc,mlp,11,600,0.30093090000082157,0.0002361999977438245,0.3011670999985654,0.011192218314800328,137,0.04544533779470871,274,0.04046275369598888,0,0.0,600,0.0399658386840783,0,0.0,synthetic data generated inside this project,held_out_cell,"{""alpha"": 0.0005, ""hidden_layer_sizes"": [32], ""max_iter"": 250}",current_sensor_bias
0.014090782544428092,0.010941063639453201,0.8247462048005292,0.051638498322052695,0.00020075483297425794,1.79706761905774,soc,narx,11,600,0.5999276000002283,1.065088100000139,1.6650157000003674,-0.012249656960749533,137,0.012663075868782315,274,0.01021571465664164,0,0.0,600,0.010941063639453201,0,0.0,synthetic data generated inside this project,held_out_cell,"{""feedback_delays"": 3, ""hidden_layers"": [24, 12], ""input_delays"": 4, ""max_iter"": 180}",current_sensor_bias
0.02865395584665857,0.02239241336058434,0.09135887002025711,0.09123728927049468,-0.007284771601525379,3.6630434735164497,soc,temporal_cnn,11,480,1.15638620000027,0.0011759999979403801,1.1575621999982104,-0.019555428615933734,110,0.02335220177581573,226,0.01737372728121727,0,0.0,480,0.02239241336058434,0,0.0,synthetic data generated inside this project,held_out_cell,"{""channels"": 12}",current_sensor_bias
0.018513900058523974,0.014861389651605657,0.6206683791482108,0.05480100711427849,0.003257406117849119,2.433868792543718,soc,gru,11,480,4.135575500000414,0.009537199999613222,4.145112700000027,-0.009717681995755512,110,0.014309469652600982,226,0.013300489509416622,0,0.0,480,0.014861389651605657,0,0.0,synthetic data generated inside this project,held_out_cell,"{""hidden_size"": 12}",current_sensor_bias
0.12606320454519176,0.11469862679625495,-13.027293746167434,0.18918481057012188,-0.11469862679625495,18.6488942340059,soc,coulomb_counting,11,600,0.0,0.03299159999733092,0.03299159999733092,-0.18393764374277305,137,0.09652813553796495,274,0.12426916615140356,0,0.0,600,0.11469862679625495,0,0.0,synthetic data generated inside this project,held_out_cell,{},current_sensor_bias
0.020659764370924975,0.016570462047559617,0.6232546210188684,0.05528710353333077,-0.01430448170122638,2.740104134318751,soc,ocv_lookup,11,600,0.0,6.620000203838572e-05,6.620000203838572e-05,-0.00847933938949652,137,0.030172946698087576,274,0.00814003691564445,0,0.0,600,0.016570462047559617,0,0.0,synthetic data generated inside this project,held_out_cell,{},current_sensor_bias
0.019682722592171208,0.015618198766662003,0.6580461093953924,0.04394321299810089,-0.014730077345793664,2.5912772489084825,soc,ekf,11,600,0.0,0.0422459000001254,0.0422459000001254,-0.009358518053319331,137,0.03085479396494015,274,0.00604322521286797,0,0.0,600,0.015618198766662003,0,0.0,synthetic data generated inside this project,held_out_cell,{},current_sensor_bias
0.0050547197406794345,0.004158121506677187,0.9774476725667774,0.014936293902463205,-0.0008006670501527865,0.6764313880200041,soc,ridge,42,600,0.0034244999988004565,0.00015659999917261302,0.0035810999979730695,-0.001761452404426489,137,0.0024780543564967145,274,0.005142038093879747,0,0.0,600,0.004158121506677187,0,0.0,synthetic data generated inside this project,held_out_cell,{},current_sensor_bias
0.022505047740122464,0.017849550292843235,0.5529489870730414,0.06707750331385343,0.004937414504190441,2.9024710647143537,soc,random_forest,42,600,1.8509290999973018,0.0053773999970871955,1.856306499994389,0.01602739202167447,137,0.02108508493903844,274,0.016570652302206047,0,0.0,600,0.017849550292843235,0,0.0,synthetic data generated inside this project,held_out_cell,"{""max_depth"": 10, ""min_samples_leaf"": 2, ""n_estimators"": 60}",current_sensor_bias
0.019850710941568834,0.015134522679529508,0.6521841756693312,0.06383553783197105,0.005299379818450782,2.4790394896170467,soc,hist_gradient_boosting,42,600,6.110194500000944,0.03742910000073607,6.14762360000168,0.019263205660088545,137,0.01786714246095505,274,0.013609405227107928,0,0.0,600,0.015134522679529508,0,0.0,synthetic data generated inside this project,held_out_cell,{},current_sensor_bias
0.06279090274500737,0.04817760600066006,-2.4800914784616244,0.2789718105800161,-0.015483770288905631,7.939294212491305,soc,mlp,42,600,0.4356616999975813,0.00024000000121304765,0.43590169999879436,0.11175703684269067,137,0.054118806364665484,274,0.04311859896258212,0,0.0,600,0.04817760600066006,0,0.0,synthetic data generated inside this project,held_out_cell,"{""alpha"": 0.0005, ""hidden_layer_sizes"": [32], ""max_iter"": 250}",current_sensor_bias
0.011140530059196643,0.00874911462892383,0.8904508743374003,0.06849711748056853,-0.0020877821742700453,1.432389589818173,soc,narx,42,600,0.5412758999991638,1.0843419000011636,1.6256178000003274,-0.007562580023338317,137,0.008646163512657455,274,0.008031189719067857,0,0.0,600,0.00874911462892383,0,0.0,synthetic data generated inside this project,held_out_cell,"{""feedback_delays"": 3, ""hidden_layers"": [24, 12], ""input_delays"": 4, ""max_iter"": 180}",current_sensor_bias
0.035730384612427904,0.028396525587473135,-0.41285827289877486,0.10958356457177332,0.0022707620509789064,4.659398430484877,soc,temporal_cnn,42,480,1.316991700001381,0.004005999999208143,1.3209977000005892,-0.02612117826116689,110,0.03159345461168106,226,0.02761427719684181,0,0.0,480,0.028396525587473135,0,0.0,synthetic data generated inside this project,held_out_cell,"{""channels"": 12}",current_sensor_bias
0.01832301353049073,0.014467234943196516,0.6284502090011506,0.06210499068941122,-0.00037412917878968733,2.3610382339774185,soc,gru,42,480,3.300363099999231,0.004236100001435261,3.3045992000006663,-0.03518162070882924,110,0.015624456462651258,226,0.014783247088992963,0,0.0,480,0.014467234943196516,0,0.0,synthetic data generated inside this project,held_out_cell,"{""hidden_size"": 12}",current_sensor_bias
0.12606320454519176,0.11469862679625495,-13.027293746167434,0.18918481057012188,-0.11469862679625495,18.6488942340059,soc,coulomb_counting,42,600,0.0,0.028398499998729676,0.028398499998729676,-0.18393764374277305,137,0.09652813553796495,274,0.12426916615140356,0,0.0,600,0.11469862679625495,0,0.0,synthetic data generated inside this project,held_out_cell,{},current_sensor_bias
0.020659764370924975,0.016570462047559617,0.6232546210188684,0.05528710353333077,-0.01430448170122638,2.740104134318751,soc,ocv_lookup,42,600,0.0,7.479999840143137e-05,7.479999840143137e-05,-0.00847933938949652,137,0.030172946698087576,274,0.00814003691564445,0,0.0,600,0.016570462047559617,0,0.0,synthetic data generated inside this project,held_out_cell,{},current_sensor_bias
0.019682722592171208,0.015618198766662003,0.6580461093953924,0.04394321299810089,-0.014730077345793664,2.5912772489084825,soc,ekf,42,600,0.0,0.0412475999983144,0.0412475999983144,-0.009358518053319331,137,0.03085479396494015,274,0.00604322521286797,0,0.0,600,0.015618198766662003,0,0.0,synthetic data generated inside this project,held_out_cell,{},current_sensor_bias
0.0050547197406794345,0.004158121506677187,0.9774476725667774,0.014936293902463205,-0.0008006670501527865,0.6764313880200041,soc,ridge,73,600,0.0012321000031079166,0.00010449999899719842,0.001336600002105115,-0.001761452404426489,137,0.0024780543564967145,274,0.005142038093879747,0,0.0,600,0.004158121506677187,0,0.0,synthetic data generated inside this project,held_out_cell,{},current_sensor_bias
0.02205414810216216,0.017777592596747164,0.5706833028520855,0.0754196775484568,0.004844819619509022,2.8959265910214627,soc,random_forest,73,600,1.8369883000013942,0.005432900001324015,1.8424212000027183,0.01903105196773991,137,0.021093208422436123,274,0.016745394773588957,0,0.0,600,0.017777592596747164,0,0.0,synthetic data generated inside this project,held_out_cell,"{""max_depth"": 10, ""min_samples_leaf"": 2, ""n_estimators"": 60}",current_sensor_bias
0.019850710941568834,0.015134522679529508,0.6521841756693312,0.06383553783197105,0.005299379818450782,2.4790394896170467,soc,hist_gradient_boosting,73,600,6.045041199999105,0.005447100000310456,6.050488299999415,0.019263205660088545,137,0.01786714246095505,274,0.013609405227107928,0,0.0,600,0.015134522679529508,0,0.0,synthetic data generated inside this project,held_out_cell,{},current_sensor_bias
0.05542045642427424,0.041396382035469505,-1.7110492203858776,0.24216241942671035,0.00040412185312396764,6.76454137003174,soc,mlp,73,600,0.4156781999990926,0.0003575000009732321,0.41603570000006584,0.0234640138051041,137,0.04600643036944948,274,0.03870584459694859,0,0.0,600,0.041396382035469505,0,0.0,synthetic data generated inside this project,held_out_cell,"{""alpha"": 0.0005, ""hidden_layer_sizes"": [32], ""max_iter"": 250}",current_sensor_bias
0.01310666128605477,0.01067332861129695,0.8483713185336766,0.07364298383640255,-0.00132982572914381,1.7540092288257665,soc,narx,73,600,0.6995423000007577,1.2476028999990376,1.9471451999997953,-0.02299311380841751,137,0.009481054145301707,274,0.009576492691520205,0,0.0,600,0.01067332861129695,0,0.0,synthetic data generated inside this project,held_out_cell,"{""feedback_delays"": 3, ""hidden_layers"": [24, 12], ""input_delays"": 4, ""max_iter"": 180}",current_sensor_bias
0.048505536009020175,0.037835224423408496,-1.6037892698604215,0.14675525850909932,-0.005749214328991804,6.2105147724114484,soc,temporal_cnn,73,480,1.8740329000029305,0.0024307999992743134,1.8764637000022049,0.008488735564821881,110,0.041112103186449825,226,0.03664427206846633,0,0.0,480,0.037835224423408496,0,0.0,synthetic data generated inside this project,held_out_cell,"{""channels"": 12}",current_sensor_bias
0.029288908741031423,0.023661219799354656,0.05064290936017657,0.08663122929071154,0.0035316867007141985,3.8684065737069937,soc,gru,73,480,4.090607600002841,0.00763359999837121,4.098241200001212,0.03558613956796519,110,0.027934105377031507,226,0.022231619715633654,0,0.0,480,0.023661219799354656,0,0.0,synthetic data generated inside this project,held_out_cell,"{""hidden_size"": 12}",current_sensor_bias
0.12606320454519176,0.11469862679625495,-13.027293746167434,0.18918481057012188,-0.11469862679625495,18.6488942340059,soc,coulomb_counting,73,600,0.0,0.0388502999994671,0.0388502999994671,-0.18393764374277305,137,0.09652813553796495,274,0.12426916615140356,0,0.0,600,0.11469862679625495,0,0.0,synthetic data generated inside this project,held_out_cell,{},current_sensor_bias
0.020659764370924975,0.016570462047559617,0.6232546210188684,0.05528710353333077,-0.01430448170122638,2.740104134318751,soc,ocv_lookup,73,600,0.0,6.450000000768341e-05,6.450000000768341e-05,-0.00847933938949652,137,0.030172946698087576,274,0.00814003691564445,0,0.0,600,0.016570462047559617,0,0.0,synthetic data generated inside this project,held_out_cell,{},current_sensor_bias
0.019682722592171208,0.015618198766662003,0.6580461093953924,0.04394321299810089,-0.014730077345793664,2.5912772489084825,soc,ekf,73,600,0.0,0.03848500000094646,0.03848500000094646,-0.009358518053319331,137,0.03085479396494015,274,0.00604322521286797,0,0.0,600,0.015618198766662003,0,0.0,synthetic data generated inside this project,held_out_cell,{},current_sensor_bias
0.005062953527263265,0.0041672499610868685,0.9773741403832001,0.015008574697712107,-0.0007877140655941541,0.6780295861516077,soc,ridge,11,600,0.00126770000133547,0.00010880000263568945,0.0013765000039711595,-0.0018029010020715885,137,0.0024848149621319727,274,0.005156562458427497,0,0.0,600,0.0041672499610868685,0,0.0,synthetic data generated inside this project,held_out_cell,{},voltage_sensor_bias
0.023988818209329844,0.018663753261828026,0.4920570782320425,0.0739431362080295,0.004799971427438571,3.026385117935913,soc,random_forest,11,600,1.8640645000014047,0.0049189999990630895,1.8689835000004678,0.0187879472716439,137,0.022995727335287992,274,0.01737578882222444,0,0.0,600,0.018663753261828026,0,0.0,synthetic data generated inside this project,held_out_cell,"{""max_depth"": 10, ""min_samples_leaf"": 2, ""n_estimators"": 60}",voltage_sensor_bias
0.019766548275312944,0.015229026713740277,0.655127249239494,0.05982990693230761,0.005800187782729766,2.494738603602739,soc,hist_gradient_boosting,11,600,1.4733070000002044,0.010959600000205683,1.48426660000041,0.02182970950036467,137,0.017561737513321955,274,0.014127381764630341,0,0.0,600,0.015229026713740277,0,0.0,synthetic data generated inside this project,held_out_cell,{},voltage_sensor_bias
0.056703531336869395,0.03986182179531095,-1.8380328553981689,0.46027121921001346,0.0030805713753601464,6.499493112629644,soc,mlp,11,600,0.2257209999988845,0.000261799999861978,0.2259827999987465,0.013293629529315676,137,0.04607006377727903,274,0.040192206984948346,0,0.0,600,0.03986182179531095,0,0.0,synthetic data generated inside this project,held_out_cell,"{""alpha"": 0.0005, ""hidden_layer_sizes"": [32], ""max_iter"": 250}",voltage_sensor_bias
0.013099389943660576,0.010255158218117254,0.8485395136521366,0.051108304343495004,0.001006533134417698,1.6791374600879883,soc,narx,11,600,0.35023160000127973,0.9750813999999082,1.325313000001188,-0.009354008942716097,137,0.012178896607948006,274,0.00957540788996955,0,0.0,600,0.010255158218117254,0,0.0,synthetic data generated inside this project,held_out_cell,"{""feedback_delays"": 3, ""hidden_layers"": [24, 12], ""input_delays"": 4, ""max_iter"": 180}",voltage_sensor_bias
0.02863292703719887,0.022263035092474202,0.09269206323465873,0.08914659675035308,-0.0068891638394866705,3.6407715833855256,soc,temporal_cnn,11,480,0.6863587000007101,0.0009375999979965854,0.6872962999987067,-0.018513002983456928,110,0.02313583634365597,226,0.017298514851684415,0,0.0,480,0.022263035092474202,0,0.0,synthetic data generated inside this project,held_out_cell,"{""channels"": 12}",voltage_sensor_bias
0.01850916007023616,0.014847665309617094,0.6208625896890438,0.055095215640889816,0.0032437542948450322,2.431376952142987,soc,gru,11,480,1.985337600002822,0.0031729999973322265,1.9885106000001542,-0.009611824146634418,110,0.014284204869261914,226,0.013267389415001177,0,0.0,480,0.014847665309617094,0,0.0,synthetic data generated inside this project,held_out_cell,"{""hidden_size"": 12}",voltage_sensor_bias
0.12393026797180993,0.11235735695498517,-12.55663751112344,0.18666071874998247,-0.11235735695498517,18.26676588343947,soc,coulomb_counting,11,600,0.0,0.031139200000325218,0.031139200000325218,-0.17925510406023343,137,0.09405565262752583,274,0.12180363492674835,0,0.0,600,0.11235735695498517,0,0.0,synthetic data generated inside this project,held_out_cell,{},voltage_sensor_bias
0.01723558713647181,0.014309504475704407,0.7377899272992059,0.051671862394852996,0.008652040037903888,2.318823788693816,soc,ocv_lookup,11,600,0.0,0.0001202000021294225,0.0001202000021294225,0.014477182349633688,137,0.010603707886950512,274,0.019267769706402267,0,0.0,600,0.014309504475704407,0,0.0,synthetic data generated inside this project,held_out_cell,{},voltage_sensor_bias
0.015588943084549087,0.01316626870364752,0.785498393571228,0.03635128677048982,0.00851579398294534,2.1300135600483525,soc,ekf,11,600,0.0,0.03503099999943515,0.03503099999943515,0.013938395760144884,137,0.008593886745272618,274,0.019044017640617788,0,0.0,600,0.01316626870364752,0,0.0,synthetic data generated inside this project,held_out_cell,{},voltage_sensor_bias
0.005062953527263265,0.0041672499610868685,0.9773741403832001,0.015008574697712107,-0.0007877140655941541,0.6780295861516077,soc,ridge,42,600,0.0011024000014003832,0.00010699999984353781,0.001209400001243921,-0.0018029010020715885,137,0.0024848149621319727,274,0.005156562458427497,0,0.0,600,0.0041672499610868685,0,0.0,synthetic data generated inside this project,held_out_cell,{},voltage_sensor_bias
0.022473803007996954,0.017961954792560846,0.5541894459358254,0.06851077172710551,0.005222643158096659,2.920772646296465,soc,random_forest,42,600,1.7888478999993822,0.00529380000079982,1.794141700000182,0.015533698935141116,137,0.021581167067601804,274,0.016744304938081708,0,0.0,600,0.017961954792560846,0,0.0,synthetic data generated inside this project,held_out_cell,"{""max_depth"": 10, ""min_samples_leaf"": 2, ""n_estimators"": 60}",voltage_sensor_bias
0.019766548275312944,0.015229026713740277,0.655127249239494,0.05982990693230761,0.005800187782729766,2.494738603602739,soc,hist_gradient_boosting,42,600,0.9372022999996261,0.00521889999799896,0.9424211999976251,0.02182970950036467,137,0.017561737513321955,274,0.014127381764630341,0,0.0,600,0.015229026713740277,0,0.0,synthetic data generated inside this project,held_out_cell,{},voltage_sensor_bias
0.05584294862453985,0.04196249048605352,-1.75254159102087,0.25142968334702753,-0.004732974400319071,6.904310552692608,soc,mlp,42,600,0.29739790000166977,0.00034669999877223745,0.297744600000442,0.09071851837906464,137,0.04779926914498013,274,0.03948088628504497,0,0.0,600,0.04196249048605352,0,0.0,synthetic data generated inside this project,held_out_cell,"{""alpha"": 0.0005, ""hidden_layer_sizes"": [32], ""max_iter"": 250}",voltage_sensor_bias
0.011693254227131116,0.009334872228274498,0.8793109163074448,0.0629475125381933,-0.0022923751258645854,1.528383364364106,soc,narx,42,600,0.3607401999979629,0.9656310999998823,1.3263712999978452,-0.008418861234174901,137,0.008681675720585905,274,0.008724337842562064,0,0.0,600,0.009334872228274498,0,0.0,synthetic data generated inside this project,held_out_cell,"{""feedback_delays"": 3, ""hidden_layers"": [24, 12], ""input_delays"": 4, ""max_iter"": 180}",voltage_sensor_bias
0.036486393295754316,0.028843322866652664,-0.47327930062555246,0.11132616596642664,0.0036150863889183277,4.728725620433105,soc,temporal_cnn,42,480,0.7745890000005602,0.0008471999972243793,0.7754361999977846,-0.024795034519559223,110,0.03128748344717389,226,0.02798152669084025,0,0.0,480,0.028843322866652664,0,0.0,synthetic data generated inside this project,held_out_cell,"{""channels"": 12}",voltage_sensor_bias
0.018377311164596715,0.014513078113788484,0.62624487674386,0.06206982394899374,-0.00039040385451657794,2.368258685267027,soc,gru,42,480,1.9426946999992651,0.002692499998374842,1.94538719999764,-0.03485606013906606,110,0.01563037096820927,226,0.014855679295597002,0,0.0,480,0.014513078113788484,0,0.0,synthetic data generated inside this project,held_out_cell,"{""hidden_size"": 12}",voltage_sensor_bias
0.12393026797180993,0.11235735695498517,-12.55663751112344,0.18666071874998247,-0.11235735695498517,18.26676588343947,soc,coulomb_counting,42,600,0.0,0.028448900000512367,0.028448900000512367,-0.17925510406023343,137,0.09405565262752583,274,0.12180363492674835,0,0.0,600,0.11235735695498517,0,0.0,synthetic data generated inside this project,held_out_cell,{},voltage_sensor_bias
0.01723558713647181,0.014309504475704407,0.7377899272992059,0.051671862394852996,0.008652040037903888,2.318823788693816,soc,ocv_lookup,42,600,0.0,8.900000102585182e-05,8.900000102585182e-05,0.014477182349633688,137,0.010603707886950512,274,0.019267769706402267,0,0.0,600,0.014309504475704407,0,0.0,synthetic data generated inside this project,held_out_cell,{},voltage_sensor_bias
0.015588943084549087,0.01316626870364752,0.785498393571228,0.03635128677048982,0.00851579398294534,2.1300135600483525,soc,ekf,42,600,0.0,0.036431199998332886,0.036431199998332886,0.013938395760144884,137,0.008593886745272618,274,0.019044017640617788,0,0.0,600,0.01316626870364752,0,0.0,synthetic data generated inside this project,held_out_cell,{},voltage_sensor_bias
0.005062953527263265,0.0041672499610868685,0.9773741403832001,0.015008574697712107,-0.0007877140655941541,0.6780295861516077,soc,ridge,73,600,0.0010542999989411328,0.00010959999781334773,0.0011638999967544805,-0.0018029010020715885,137,0.0024848149621319727,274,0.005156562458427497,0,0.0,600,0.0041672499610868685,0,0.0,synthetic data generated inside this project,held_out_cell,{},voltage_sensor_bias
0.022506934164901765,0.018091363416111714,0.5528740382470726,0.07627566169130662,0.004704048102027895,2.9450433756979297,soc,random_forest,73,600,1.7408261999989918,0.004897399998299079,1.7457235999972909,0.019327743519198748,137,0.02138688083082907,274,0.01684594681749232,0,0.0,600,0.018091363416111714,0,0.0,synthetic data generated inside this project,held_out_cell,"{""max_depth"": 10, ""min_samples_leaf"": 2, ""n_estimators"": 60}",voltage_sensor_bias
0.019766548275312944,0.015229026713740277,0.655127249239494,0.05982990693230761,0.005800187782729766,2.494738603602739,soc,hist_gradient_boosting,73,600,0.941307200002484,0.004921400002785958,0.94622860000527,0.02182970950036467,137,0.017561737513321955,274,0.014127381764630341,0,0.0,600,0.015229026713740277,0,0.0,synthetic data generated inside this project,held_out_cell,{},voltage_sensor_bias
0.05490761910432783,0.04110896740691431,-1.6611075722109563,0.2412293581130806,2.007858178811661e-05,6.715603040059605,soc,mlp,73,600,0.32348199999978533,0.00024839999969117343,0.3237303999994765,0.023732099514768623,137,0.04532374805747195,274,0.038584808334740074,0,0.0,600,0.04110896740691431,0,0.0,synthetic data generated inside this project,held_out_cell,"{""alpha"": 0.0005, ""hidden_layer_sizes"": [32], ""max_iter"": 250}",voltage_sensor_bias
0.011262075427783262,0.009384924888039011,0.8880474295376967,0.03378852411507327,-0.0002887781593688969,1.5321628456421017,soc,narx,73,600,0.5170531000003393,1.0345286000010674,1.5515817000014067,-0.012315451798565635,137,0.007270001577124438,274,0.010023104911541906,0,0.0,600,0.009384924888039011,0,0.0,synthetic data generated inside this project,held_out_cell,"{""feedback_delays"": 3, ""hidden_layers"": [24, 12], ""input_delays"": 4, ""max_iter"": 180}",voltage_sensor_bias
0.04813248296785632,0.037563828899670186,-1.563892124772574,0.14750508494037373,-0.005614756494926844,6.164956184314598,soc,temporal_cnn,73,480,0.8764203999999154,0.0012233000015839934,0.8776437000014994,0.008540412791842145,110,0.04094552910107792,226,0.03609410801032116,0,0.0,480,0.037563828899670186,0,0.0,synthetic data generated inside this project,held_out_cell,"{""channels"": 12}",voltage_sensor_bias
0.029355199318884435,0.023739467261511993,0.04634062207695844,0.0861872100165777,0.003383716183237799,3.881246850735118,soc,gru,73,480,1.9325826999993296,0.002469600000040373,1.93505229999937,0.03535731733667247,110,0.028028582330946492,226,0.02220515393466655,0,0.0,480,0.023739467261511993,0,0.0,synthetic data generated inside this project,held_out_cell,"{""hidden_size"": 12}",voltage_sensor_bias
0.12393026797180993,0.11235735695498517,-12.55663751112344,0.18666071874998247,-0.11235735695498517,18.26676588343947,soc,coulomb_counting,73,600,0.0,0.02489879999848199,0.02489879999848199,-0.17925510406023343,137,0.09405565262752583,274,0.12180363492674835,0,0.0,600,0.11235735695498517,0,0.0,synthetic data generated inside this project,held_out_cell,{},voltage_sensor_bias
0.01723558713647181,0.014309504475704407,0.7377899272992059,0.051671862394852996,0.008652040037903888,2.318823788693816,soc,ocv_lookup,73,600,0.0,5.8499997976468876e-05,5.8499997976468876e-05,0.014477182349633688,137,0.010603707886950512,274,0.019267769706402267,0,0.0,600,0.014309504475704407,0,0.0,synthetic data generated inside this project,held_out_cell,{},voltage_sensor_bias
0.015588943084549087,0.01316626870364752,0.785498393571228,0.03635128677048982,0.00851579398294534,2.1300135600483525,soc,ekf,73,600,0.0,0.028311899997788714,0.028311899997788714,0.013938395760144884,137,0.008593886745272618,274,0.019044017640617788,0,0.0,600,0.01316626870364752,0,0.0,synthetic data generated inside this project,held_out_cell,{},voltage_sensor_bias
0.005094187809957632,0.00417317827699285,0.9783861661485055,0.014856202272809482,-0.0008214970982533,0.6766911557487129,soc,ridge,11,600,0.0009202000001096167,0.00013099999705445953,0.0010511999971640762,-0.0011438906495385703,600,0.00417317827699285,0,0.0,0,0.0,600,0.00417317827699285,0,0.0,synthetic data generated inside this project,held_out_cell,{},unseen_temperature_range
0.017811999995342994,0.014101222932074074,0.7357546967510429,0.051289952203518396,0.0029764652171675675,2.2803319501748964,soc,random_forest,11,600,1.4657813000012538,0.003733400000783149,1.469514700002037,0.010806531175818757,600,0.014101222932074074,0,0.0,0,0.0,600,0.014101222932074074,0,0.0,synthetic data generated inside this project,held_out_cell,"{""max_depth"": 10, ""min_samples_leaf"": 2, ""n_estimators"": 60}",unseen_temperature_range
0.01706170001931042,0.01306046714473704,0.7575475886252856,0.04461389874832655,0.0010009358529580988,2.1249263858787653,soc,hist_gradient_boosting,11,600,0.38006529999984195,0.003026400001544971,0.3830917000013869,0.021464442768874936,600,0.01306046714473704,0,0.0,0,0.0,600,0.01306046714473704,0,0.0,synthetic data generated inside this project,held_out_cell,{},unseen_temperature_range
0.05788907069671478,0.0416551300024619,-1.791097834248724,0.4603700033225755,7.522097041638161e-05,6.740556997251111,soc,mlp,11,600,0.1393631999999343,0.00026060000163852237,0.13962380000157282,0.027752904364405473,600,0.0416551300024619,0,0.0,0,0.0,600,0.0416551300024619,0,0.0,synthetic data generated inside this project,held_out_cell,"{""alpha"": 0.0005, ""hidden_layer_sizes"": [32], ""max_iter"": 250}",unseen_temperature_range
0.015940481110118983,0.01224034590506515,0.7883663344564464,0.05810248437306298,-0.006043630849752349,2.010822884023269,soc,narx,11,600,0.27148529999976745,0.6688190000022587,0.9403043000020261,-0.01632595163229289,600,0.01224034590506515,0,0.0,0,0.0,600,0.01224034590506515,0,0.0,synthetic data generated inside this project,held_out_cell,"{""feedback_delays"": 3, ""hidden_layers"": [24, 12], ""input_delays"": 4, ""max_iter"": 180}",unseen_temperature_range
0.030388686622789284,0.023164102648147226,0.03522356428167628,0.11540688512828612,-0.009740799058801933,3.7751076346527452,soc,temporal_cnn,11,480,0.5588582000018505,0.0008677000005263835,0.5597259000023769,-0.011858392335376111,480,0.023164102648147226,0,0.0,0,0.0,480,0.023164102648147226,0,0.0,synthetic data generated inside this project,held_out_cell,"{""channels"": 12}",unseen_temperature_range
0.021319642989815455,0.016865182331014465,0.5251431775456314,0.06724596598663923,0.004561456775340434,2.7518014728648708,soc,gru,11,480,1.4246782999980496,0.0028237999977136496,1.4275020999957633,-0.013458836652240125,480,0.016865182331014465,0,0.0,0,0.0,480,0.016865182331014465,0,0.0,synthetic data generated inside this project,held_out_cell,"{""hidden_size"": 12}",unseen_temperature_range
0.12605112083955577,0.11460350999801779,-12.233518462776226,0.19099995192477204,-0.11460350999801779,18.55722878318116,soc,coulomb_counting,11,600,0.0,0.02303540000139037,0.02303540000139037,-0.1805825686265386,600,0.11460350999801779,0,0.0,0,0.0,600,0.11460350999801779,0,0.0,synthetic data generated inside this project,held_out_cell,{},unseen_temperature_range
0.060344073665819134,0.05912020995328914,-2.0328515541935652,0.09338353571353775,-0.05912020995328914,9.659245471223628,soc,ocv_lookup,11,600,0.0,5.919999966863543e-05,5.919999966863543e-05,-0.05849590164597218,600,0.05912020995328914,0,0.0,0,0.0,600,0.05912020995328914,0,0.0,synthetic data generated inside this project,held_out_cell,{},unseen_temperature_range
0.059966453093587085,0.05919075000229649,-1.995012421065527,0.08153674362460628,-0.05919075000229649,9.671813273304553,soc,ekf,11,600,0.0,0.029739699999481672,0.029739699999481672,-0.05884210267880019,600,0.05919075000229649,0,0.0,0,0.0,600,0.05919075000229649,0,0.0,synthetic data generated inside this project,held_out_cell,{},unseen_temperature_range
0.005094187809957632,0.00417317827699285,0.9783861661485055,0.014856202272809482,-0.0008214970982533,0.6766911557487129,soc,ridge,42,600,0.0009425999996892642,9.860000136541203e-05,0.0010412000010546762,-0.0011438906495385703,600,0.00417317827699285,0,0.0,0,0.0,600,0.00417317827699285,0,0.0,synthetic data generated inside this project,held_out_cell,{},unseen_temperature_range
0.017970286168717306,0.014115966793873825,0.7310374024826072,0.04724662087785758,0.0010988023446138887,2.28891384525987,soc,random_forest,42,600,1.4571555999973498,0.0030239000006986316,1.4601794999980484,0.005828488271503285,600,0.014115966793873825,0,0.0,0,0.0,600,0.014115966793873825,0,0.0,synthetic data generated inside this project,held_out_cell,"{""max_depth"": 10, ""min_samples_leaf"": 2, ""n_estimators"": 60}",unseen_temperature_range
0.01706170001931042,0.01306046714473704,0.7575475886252856,0.04461389874832655,0.0010009358529580988,2.1249263858787653,soc,hist_gradient_boosting,42,600,0.38925340000059805,0.0035839999982272275,0.3928373999988253,0.021464442768874936,600,0.01306046714473704,0,0.0,0,0.0,600,0.01306046714473704,0,0.0,synthetic data generated inside this project,held_out_cell,{},unseen_temperature_range
0.06425594011363231,0.04865338315139132,-2.438812274021794,0.3200640878796862,-0.011714427856751496,7.963846453395552,soc,mlp,42,600,0.1894614000011643,0.00020399999993969686,0.189665400001104,0.11009717036487432,600,0.04865338315139132,0,0.0,0,0.0,600,0.04865338315139132,0,0.0,synthetic data generated inside this project,held_out_cell,"{""alpha"": 0.0005, ""hidden_layer_sizes"": [32], ""max_iter"": 250}",unseen_temperature_range
0.01668178925458909,0.01292612189670968,0.7682246931097941,0.12091825922239602,-0.002725281292237943,2.111196356502351,soc,narx,42,600,0.25876570000036736,0.6665538999986893,0.9253195999990567,-0.015309252863810352,600,0.01292612189670968,0,0.0,0,0.0,600,0.01292612189670968,0,0.0,synthetic data generated inside this project,held_out_cell,"{""feedback_delays"": 3, ""hidden_layers"": [24, 12], ""input_delays"": 4, ""max_iter"": 180}",unseen_temperature_range
0.04592672156243389,0.035966115875022985,-1.2036048313624588,0.15505382071189566,0.003126364621691899,5.874107759980453,soc,temporal_cnn,42,480,0.5344497000005504,0.0007944000026327558,0.5352441000031831,-0.050160992719134656,480,0.035966115875022985,0,0.0,0,0.0,480,0.035966115875022985,0,0.0,synthetic data generated inside this project,held_out_cell,"{""channels"": 12}",unseen_temperature_range
0.019705189447883444,0.015531831809766604,0.5943382541230241,0.0667281755667899,-0.00024338701300522097,2.53478558629356,soc,gru,42,480,1.4641292999986035,0.00722469999891473,1.4713539999975183,-0.033108521081408826,480,0.015531831809766604,0,0.0,0,0.0,480,0.015531831809766604,0,0.0,synthetic data generated inside this project,held_out_cell,"{""hidden_size"": 12}",unseen_temperature_range
0.12605112083955577,0.11460350999801779,-12.233518462776226,0.19099995192477204,-0.11460350999801779,18.55722878318116,soc,coulomb_counting,42,600,0.0,0.026797400001669303,0.026797400001669303,-0.1805825686265386,600,0.11460350999801779,0,0.0,0,0.0,600,0.11460350999801779,0,0.0,synthetic data generated inside this project,held_out_cell,{},unseen_temperature_range
0.060344073665819134,0.05912020995328914,-2.0328515541935652,0.09338353571353775,-0.05912020995328914,9.659245471223628,soc,ocv_lookup,42,600,0.0,6.359999679261819e-05,6.359999679261819e-05,-0.05849590164597218,600,0.05912020995328914,0,0.0,0,0.0,600,0.05912020995328914,0,0.0,synthetic data generated inside this project,held_out_cell,{},unseen_temperature_range
0.059966453093587085,0.05919075000229649,-1.995012421065527,0.08153674362460628,-0.05919075000229649,9.671813273304553,soc,ekf,42,600,0.0,0.03103249999912805,0.03103249999912805,-0.05884210267880019,600,0.05919075000229649,0,0.0,0,0.0,600,0.05919075000229649,0,0.0,synthetic data generated inside this project,held_out_cell,{},unseen_temperature_range
0.005094187809957632,0.00417317827699285,0.9783861661485055,0.014856202272809482,-0.0008214970982533,0.6766911557487129,soc,ridge,73,600,0.0010403999986010604,0.00010750000001280569,0.001147899998613866,-0.0011438906495385703,600,0.00417317827699285,0,0.0,0,0.0,600,0.00417317827699285,0,0.0,synthetic data generated inside this project,held_out_cell,{},unseen_temperature_range
0.01820424895723956,0.014005403506143198,0.7239883352660612,0.05405196672837753,0.0019155578929456844,2.2638637285706475,soc,random_forest,73,600,1.4820524000024307,0.0033192999981110916,1.4853717000005418,0.006442564850159371,600,0.014005403506143198,0,0.0,0,0.0,600,0.014005403506143198,0,0.0,synthetic data generated inside this project,held_out_cell,"{""max_depth"": 10, ""min_samples_leaf"": 2, ""n_estimators"": 60}",unseen_temperature_range
0.01706170001931042,0.01306046714473704,0.7575475886252856,0.04461389874832655,0.0010009358529580988,2.1249263858787653,soc,hist_gradient_boosting,73,600,0.375824200000352,0.0030721000002813525,0.37889630000063335,0.021464442768874936,600,0.01306046714473704,0,0.0,0,0.0,600,0.01306046714473704,0,0.0,synthetic data generated inside this project,held_out_cell,{},unseen_temperature_range
0.06071641593738812,0.04402527011475182,-2.0703943554216946,0.3891949266249446,0.0031225059832786627,7.201875299514848,soc,mlp,73,600,0.14078819999849657,0.00022320000061881728,0.14101139999911538,-0.03509736294353116,600,0.04402527011475182,0,0.0,0,0.0,600,0.04402527011475182,0,0.0,synthetic data generated inside this project,held_out_cell,"{""alpha"": 0.0005, ""hidden_layer_sizes"": [32], ""max_iter"": 250}",unseen_temperature_range
0.01447499694353078,0.011570926716965715,0.8254905838534157,0.058162871255661885,0.0008445420720333327,1.8821040049256383,soc,narx,73,600,0.30830219999916153,0.6855903999967268,0.9938925999958883,-0.003652283774095988,600,0.011570926716965715,0,0.0,0,0.0,600,0.011570926716965715,0,0.0,synthetic data generated inside this project,held_out_cell,"{""feedback_delays"": 3, ""hidden_layers"": [24, 12], ""input_delays"": 4, ""max_iter"": 180}",unseen_temperature_range
0.05561476726191386,0.04218181049652737,-2.2313431088550537,0.1730963151553443,-0.0016370013498534796,6.777851001432103,soc,temporal_cnn,73,480,0.5373749999998836,0.0007121999988157768,0.5380871999986994,0.027545523069897326,480,0.04218181049652737,0,0.0,0,0.0,480,0.04218181049652737,0,0.0,synthetic data generated inside this project,held_out_cell,"{""channels"": 12}",unseen_temperature_range
0.030047557003292712,0.024378385219305746,0.05676227579075199,0.10201953034665145,0.007700584504180149,3.971177046507178,soc,gru,73,480,1.3691609000015887,0.0029787999992549885,1.3721397000008437,0.03136254491666857,480,0.024378385219305746,0,0.0,0,0.0,480,0.024378385219305746,0,0.0,synthetic data generated inside this project,held_out_cell,"{""hidden_size"": 12}",unseen_temperature_range
0.12605112083955577,0.11460350999801779,-12.233518462776226,0.19099995192477204,-0.11460350999801779,18.55722878318116,soc,coulomb_counting,73,600,0.0,0.026424300001963275,0.026424300001963275,-0.1805825686265386,600,0.11460350999801779,0,0.0,0,0.0,600,0.11460350999801779,0,0.0,synthetic data generated inside this project,held_out_cell,{},unseen_temperature_range
0.060344073665819134,0.05912020995328914,-2.0328515541935652,0.09338353571353775,-0.05912020995328914,9.659245471223628,soc,ocv_lookup,73,600,0.0,6.070000017643906e-05,6.070000017643906e-05,-0.05849590164597218,600,0.05912020995328914,0,0.0,0,0.0,600,0.05912020995328914,0,0.0,synthetic data generated inside this project,held_out_cell,{},unseen_temperature_range
0.059966453093587085,0.05919075000229649,-1.995012421065527,0.08153674362460628,-0.05919075000229649,9.671813273304553,soc,ekf,73,600,0.0,0.02937970000130008,0.02937970000130008,-0.05884210267880019,600,0.05919075000229649,0,0.0,0,0.0,600,0.05919075000229649,0,0.0,synthetic data generated inside this project,held_out_cell,{},unseen_temperature_range
0.004909217448394217,0.0040324870103338765,0.9809747138801354,0.014715437206302528,-0.0007850477681727046,0.6562984875553756,soc,ridge,11,600,0.0007619999996677507,9.539999882690609e-05,0.0008573999984946568,-0.0014475857408159376,137,0.0024421388253214413,274,0.004966149329309127,0,0.0,600,0.0040324870103338765,0,0.0,synthetic data generated inside this project,held_out_cell,{},unseen_degradation_rate
0.024177058488123522,0.018758000258112095,0.5385617615180549,0.07131320569990074,0.003798107061220071,3.0401310982999887,soc,random_forest,11,600,1.5995704000015394,0.004645500001061009,1.6042159000026004,0.025552215519430543,137,0.021829510311755153,274,0.01773520075275475,0,0.0,600,0.018758000258112095,0,0.0,synthetic data generated inside this project,held_out_cell,"{""max_depth"": 10, ""min_samples_leaf"": 2, ""n_estimators"": 60}",unseen_degradation_rate
0.019478273254197938,0.015091626056119531,0.7004925932968318,0.060544041522603065,0.004937697327924302,2.460731434187476,soc,hist_gradient_boosting,11,600,1.8841904000000795,0.020968400000128895,1.9051588000002084,0.01803428600012358,137,0.017666146793783317,274,0.013941443367580474,0,0.0,600,0.015091626056119531,0,0.0,synthetic data generated inside this project,held_out_cell,{},unseen_degradation_rate
0.05623306179751617,0.03938748155467892,-1.496261738432644,0.46551742883616776,0.0027504945923102933,6.429060020224847,soc,mlp,11,600,0.1736931999985245,0.00042329999996582046,0.17411649999849033,0.0034597167828532838,137,0.04602979800502393,274,0.03979080687034433,0,0.0,600,0.03938748155467892,0,0.0,synthetic data generated inside this project,held_out_cell,"{""alpha"": 0.0005, ""hidden_layer_sizes"": [32], ""max_iter"": 250}",unseen_degradation_rate
0.013837655504619056,0.010214667878198486,0.8488418084436455,0.1289322352687951,0.00011635684469114801,1.681314889473138,soc,narx,11,600,0.3992880999976478,0.9683440000007977,1.3676320999984455,-0.008515835869614574,137,0.013444385598543268,274,0.009033022883742204,0,0.0,600,0.010214667878198486,0,0.0,synthetic data generated inside this project,held_out_cell,"{""feedback_delays"": 3, ""hidden_layers"": [24, 12], ""input_delays"": 4, ""max_iter"": 180}",unseen_degradation_rate
0.028467558423206155,0.02214934673403907,0.2048606105171913,0.08810220286421344,-0.00659179473356694,3.625707160383528,soc,temporal_cnn,11,480,0.8695694999987609,0.000894600001629442,0.8704641000003903,-0.01741270730336142,110,0.023006289045791634,226,0.017385209386587788,0,0.0,480,0.02214934673403907,0,0.0,synthetic data generated inside this project,held_out_cell,"{""channels"": 12}",unseen_degradation_rate
0.01840815988421397,0.014746047517681863,0.6675214879582438,0.05561282237611931,0.0032391177173824114,2.4159547090473654,soc,gru,11,480,2.1245621999987634,0.005406399999628775,2.129968599998392,-0.008620306943253997,110,0.014320968539268217,226,0.013090424821516209,0,0.0,480,0.014746047517681863,0,0.0,synthetic data generated inside this project,held_out_cell,"{""hidden_size"": 12}",unseen_degradation_rate
0.12382476879765023,0.11222771550954391,-11.103799196380594,0.1943206152530791,-0.11222771550954391,18.238169417271173,soc,coulomb_counting,11,600,0.0,0.032726800000091316,0.032726800000091316,-0.17360172877503538,137,0.09271532090879257,274,0.1227148233872833,0,0.0,600,0.11222771550954391,0,0.0,synthetic data generated inside this project,held_out_cell,{},unseen_degradation_rate
0.022943071346547567,0.018722074890729867,0.5844629331699644,0.05845490050188629,-0.017425845572921757,3.100617635818928,soc,ocv_lookup,11,600,0.0,8.349999916390516e-05,8.349999916390516e-05,-0.01167827922198117,137,0.03331208845759127,274,0.00935544383835198,0,0.0,600,0.018722074890729867,0,0.0,synthetic data generated inside this project,held_out_cell,{},unseen_degradation_rate
0.02175688822207011,0.017771302558352964,0.6263196856609443,0.04626314259429898,-0.01751081403406401,2.9516598324522327,soc,ekf,11,600,0.0,0.0365349999992759,0.0365349999992759,-0.01120105538339422,137,0.03375138652885049,274,0.007503753103507217,0,0.0,600,0.017771302558352964,0,0.0,synthetic data generated inside this project,held_out_cell,{},unseen_degradation_rate
0.004909217448394217,0.0040324870103338765,0.9809747138801354,0.014715437206302528,-0.0007850477681727046,0.6562984875553756,soc,ridge,42,600,0.0010031000019807834,0.00010449999899719842,0.0011076000009779818,-0.0014475857408159376,137,0.0024421388253214413,274,0.004966149329309127,0,0.0,600,0.0040324870103338765,0,0.0,synthetic data generated inside this project,held_out_cell,{},unseen_degradation_rate
0.023520152703840433,0.01827641271696552,0.5632962385044693,0.07732727666062622,0.003215792910567368,2.96612492994903,soc,random_forest,42,600,1.7389440000006289,0.005519800000911346,1.7444638000015402,0.01887784525873859,137,0.022332978257591923,274,0.016926254695181393,0,0.0,600,0.01827641271696552,0,0.0,synthetic data generated inside this project,held_out_cell,"{""max_depth"": 10, ""min_samples_leaf"": 2, ""n_estimators"": 60}",unseen_degradation_rate
0.019478273254197938,0.015091626056119531,0.7004925932968318,0.060544041522603065,0.004937697327924302,2.460731434187476,soc,hist_gradient_boosting,42,600,3.4682145999977365,0.02325140000175452,3.491465999999491,0.01803428600012358,137,0.017666146793783317,274,0.013941443367580474,0,0.0,600,0.015091626056119531,0,0.0,synthetic data generated inside this project,held_out_cell,{},unseen_degradation_rate
0.056919642495762084,0.04313584465933058,-1.5575903575827081,0.2595883956640227,-0.005077629365485032,7.090794427126829,soc,mlp,42,600,0.31179359999805456,0.00024699999994481914,0.3120405999979994,0.09437196979068618,137,0.04933084167340672,274,0.040907863627521864,0,0.0,600,0.04313584465933058,0,0.0,synthetic data generated inside this project,held_out_cell,"{""alpha"": 0.0005, ""hidden_layer_sizes"": [32], ""max_iter"": 250}",unseen_degradation_rate
0.01285569775120077,0.010035238763901102,0.8695338144629863,0.07014334439951764,-0.0011778090894781041,1.6414099879537563,soc,narx,42,600,0.7036876999991364,0.9969883999983722,1.7006760999975086,-0.009818285655203707,137,0.00881714495520066,274,0.00897099760498552,0,0.0,600,0.010035238763901102,0,0.0,synthetic data generated inside this project,held_out_cell,"{""feedback_delays"": 3, ""hidden_layers"": [24, 12], ""input_delays"": 4, ""max_iter"": 180}",unseen_degradation_rate
0.038202888052983074,0.029970272502585556,-0.43197428289092255,0.12612501716408453,0.003936572030819555,4.922266750285493,soc,temporal_cnn,42,480,0.786610399998608,0.0009930000014719553,0.78760340000008,-0.021374091599778655,110,0.0329053887356505,226,0.028975218147410834,0,0.0,480,0.029970272502585556,0,0.0,synthetic data generated inside this project,held_out_cell,"{""channels"": 12}",unseen_degradation_rate
0.018287133929569006,0.014447477505840555,0.671878930942001,0.06143760398858322,-0.00044131958918064776,2.358880643401725,soc,gru,42,480,2.361398699998972,0.008505199999490287,2.3699038999984623,-0.033572480176286223,110,0.015666815844511343,226,0.014684776498552463,0,0.0,480,0.014447477505840555,0,0.0,synthetic data generated inside this project,held_out_cell,"{""hidden_size"": 12}",unseen_degradation_rate
0.12382476879765023,0.11222771550954391,-11.103799196380594,0.1943206152530791,-0.11222771550954391,18.238169417271173,soc,coulomb_counting,42,600,0.0,0.030653800000436604,0.030653800000436604,-0.17360172877503538,137,0.09271532090879257,274,0.1227148233872833,0,0.0,600,0.11222771550954391,0,0.0,synthetic data generated inside this project,held_out_cell,{},unseen_degradation_rate
0.022943071346547567,0.018722074890729867,0.5844629331699644,0.05845490050188629,-0.017425845572921757,3.100617635818928,soc,ocv_lookup,42,600,0.0,8.349999916390516e-05,8.349999916390516e-05,-0.01167827922198117,137,0.03331208845759127,274,0.00935544383835198,0,0.0,600,0.018722074890729867,0,0.0,synthetic data generated inside this project,held_out_cell,{},unseen_degradation_rate
0.02175688822207011,0.017771302558352964,0.6263196856609443,0.04626314259429898,-0.01751081403406401,2.9516598324522327,soc,ekf,42,600,0.0,0.03516860000308952,0.03516860000308952,-0.01120105538339422,137,0.03375138652885049,274,0.007503753103507217,0,0.0,600,0.017771302558352964,0,0.0,synthetic data generated inside this project,held_out_cell,{},unseen_degradation_rate
0.004909217448394217,0.0040324870103338765,0.9809747138801354,0.014715437206302528,-0.0007850477681727046,0.6562984875553756,soc,ridge,73,600,0.0010645999973348808,0.00011280000035185367,0.0011773999976867344,-0.0014475857408159376,137,0.0024421388253214413,274,0.004966149329309127,0,0.0,600,0.0040324870103338765,0,0.0,synthetic data generated inside this project,held_out_cell,{},unseen_degradation_rate
0.02306947324179605,0.018402280848614967,0.5798716244514328,0.07761158366030962,0.003358220649469262,2.9957275203893556,soc,random_forest,73,600,1.7489148999993631,0.005350000003090827,1.754264900002454,0.024617865528326677,137,0.021536938916743003,274,0.01815714441534235,0,0.0,600,0.018402280848614967,0,0.0,synthetic data generated inside this project,held_out_cell,"{""max_depth"": 10, ""min_samples_leaf"": 2, ""n_estimators"": 60}",unseen_degradation_rate
0.019478273254197938,0.015091626056119531,0.7004925932968318,0.060544041522603065,0.004937697327924302,2.460731434187476,soc,hist_gradient_boosting,73,600,1.6101697999984026,0.014402500000869622,1.6245722999992722,0.01803428600012358,137,0.017666146793783317,274,0.013941443367580474,0,0.0,600,0.015091626056119531,0,0.0,synthetic data generated inside this project,held_out_cell,{},unseen_degradation_rate
0.05412042778884094,0.04034110335003505,-1.3122197163785327,0.24271596095283976,-0.00037873759629880046,6.60720764832395,soc,mlp,73,600,0.2152715000011085,0.0002280000007885974,0.2154995000018971,0.029473960528495713,137,0.04541814367947507,274,0.03637614720231665,0,0.0,600,0.04034110335003505,0,0.0,synthetic data generated inside this project,held_out_cell,"{""alpha"": 0.0005, ""hidden_layer_sizes"": [32], ""max_iter"": 250}",unseen_degradation_rate
0.0143694067152682,0.011633459458371414,0.8370012277347605,0.060545305637593305,0.0016565945808312765,1.8964749567218664,soc,narx,73,600,0.38870939999833354,0.9549457000030088,1.3436551000013424,-0.01654679650461499,137,0.01008478901596761,274,0.011565923244929657,0,0.0,600,0.011633459458371414,0,0.0,synthetic data generated inside this project,held_out_cell,"{""feedback_delays"": 3, ""hidden_layers"": [24, 12], ""input_delays"": 4, ""max_iter"": 180}",unseen_degradation_rate
0.04810059260682518,0.03752938914632344,-1.2700931632223984,0.1467620760936167,-0.0055572411982843265,6.167414609078747,soc,temporal_cnn,73,480,0.8312822000007145,0.001266600000235485,0.83254880000095,0.009648397471113679,110,0.040854380408759834,226,0.036105147248447426,0,0.0,480,0.03752938914632344,0,0.0,synthetic data generated inside this project,held_out_cell,"{""channels"": 12}",unseen_degradation_rate
0.029368270972869304,0.023759306120763445,0.15374824174125856,0.0864010386725318,0.0033043170652162037,3.8879336055087568,soc,gru,73,480,2.1224900999986858,0.004215000000840519,2.1267050999995263,0.037945225741072175,110,0.028049016317332514,226,0.022261980387858666,0,0.0,480,0.023759306120763445,0,0.0,synthetic data generated inside this project,held_out_cell,"{""hidden_size"": 12}",unseen_degradation_rate
0.12382476879765023,0.11222771550954391,-11.103799196380594,0.1943206152530791,-0.11222771550954391,18.238169417271173,soc,coulomb_counting,73,600,0.0,0.027793299999757437,0.027793299999757437,-0.17360172877503538,137,0.09271532090879257,274,0.1227148233872833,0,0.0,600,0.11222771550954391,0,0.0,synthetic data generated inside this project,held_out_cell,{},unseen_degradation_rate
0.022943071346547567,0.018722074890729867,0.5844629331699644,0.05845490050188629,-0.017425845572921757,3.100617635818928,soc,ocv_lookup,73,600,0.0,8.639999941806309e-05,8.639999941806309e-05,-0.01167827922198117,137,0.03331208845759127,274,0.00935544383835198,0,0.0,600,0.018722074890729867,0,0.0,synthetic data generated inside this project,held_out_cell,{},unseen_degradation_rate
0.02175688822207011,0.017771302558352964,0.6263196856609443,0.04626314259429898,-0.01751081403406401,2.9516598324522327,soc,ekf,73,600,0.0,0.03539669999736361,0.03539669999736361,-0.01120105538339422,137,0.03375138652885049,274,0.007503753103507217,0,0.0,600,0.017771302558352964,0,0.0,synthetic data generated inside this project,held_out_cell,{},unseen_degradation_rate
0.005506064103047614,0.004507643126021382,0.9708346013416679,0.01642662460544031,0.0007852998816699486,0.7603810080316787,soc,ridge,11,600,0.0011489999997138511,0.00011779999840655364,0.0012667999981204048,0.0015522893816946048,137,0.0027217070449180574,274,0.005442372083600783,0,0.0,600,0.004507643126021382,0,0.0,synthetic data generated inside this project,held_out_cell,{},held_out_load_profile
0.037883648227024815,0.034206160066286476,-0.38066711589767066,0.08060494989700762,-0.009871958174133623,5.808496264636731,soc,random_forest,11,600,1.7336993000026268,0.004912500000500586,1.7386118000031274,-0.03938900180557875,137,0.034723323510517816,274,0.03325833698615204,0,0.0,600,0.034206160066286476,0,0.0,synthetic data generated inside this project,held_out_cell,"{""max_depth"": 10, ""min_samples_leaf"": 2, ""n_estimators"": 60}",held_out_load_profile
0.024531752118090836,0.02066049567739233,0.421048043388523,0.052922122494058255,-0.006931495190075959,3.5523942294971604,soc,hist_gradient_boosting,11,600,1.5863176000020758,0.018582799999421695,1.6049004000014975,-0.025775651484393647,137,0.021011651096413456,274,0.018419769358584567,0,0.0,600,0.02066049567739233,0,0.0,synthetic data generated inside this project,held_out_cell,{},held_out_load_profile
0.04381523693060441,0.03376819503119713,-0.8468674176948532,0.18696465827415276,0.00623118642980596,5.7114791197029495,soc,mlp,11,600,0.19476949999807402,0.00026960000104736537,0.1950390999991214,0.06444284295213853,137,0.03106915161369651,274,0.03609292926202464,0,0.0,600,0.03376819503119713,0,0.0,synthetic data generated inside this project,held_out_cell,"{""alpha"": 0.0005, ""hidden_layer_sizes"": [32], ""max_iter"": 250}",held_out_load_profile
0.01200534584199145,0.00943620431857556,0.861345253394622,0.044647726288576384,-0.0009245302345926073,1.598120975519151,soc,narx,11,600,0.4297772999998415,0.9956839999977092,1.4254612999975507,-0.0008165253838123832,137,0.00953474447872123,274,0.008657648794587728,0,0.0,600,0.00943620431857556,0,0.0,synthetic data generated inside this project,held_out_cell,"{""feedback_delays"": 3, ""hidden_layers"": [24, 12], ""input_delays"": 4, ""max_iter"": 180}",held_out_load_profile
0.022875716213855805,0.01758357039913425,0.37855521874852305,0.07928898211744917,0.0024599382566838635,2.9937721808292492,soc,temporal_cnn,11,480,0.8621101000026101,0.0009275000011257362,0.8630376000037359,-0.0059756726863382514,110,0.017137660873681317,226,0.016637257877090778,0,0.0,480,0.01758357039913425,0,0.0,synthetic data generated inside this project,held_out_cell,"{""channels"": 12}",held_out_load_profile
0.018084814648159152,0.01387712201057721,0.6115981687834809,0.06775178763774337,-0.0017493806245496698,2.353404560147001,soc,gru,11,480,2.3914282000005187,0.005677000001014676,2.3971052000015334,0.0017539768574239556,110,0.017345774016260446,226,0.011543851467691912,0,0.0,480,0.01387712201057721,0,0.0,synthetic data generated inside this project,held_out_cell,"{""hidden_size"": 12}",held_out_load_profile
0.1066981641361812,0.09319324361211896,-9.952147510570967,0.1494249444500173,-0.09319324361211896,15.778551623216677,soc,coulomb_counting,11,600,0.0,0.03301569999894127,0.03301569999894127,-0.14208276049754925,137,0.08944167099589596,274,0.09657132898473236,0,0.0,600,0.09319324361211896,0,0.0,synthetic data generated inside this project,held_out_cell,{},held_out_load_profile
0.023388510938628874,0.019102036881707966,0.4737519057563242,0.058443617980570295,-0.01796336900724925,3.235583217073365,soc,ocv_lookup,11,600,0.0,6.610000127693638e-05,6.610000127693638e-05,-0.009762748470095062,137,0.03308745008511317,274,0.009732964074558694,0,0.0,600,0.019102036881707966,0,0.0,synthetic data generated inside this project,held_out_cell,{},held_out_load_profile
0.022375693458757877,0.018373119132930334,0.5183424214790576,0.0467624192650814,-0.018126786060174236,3.112176475333846,soc,ekf,11,600,0.0,0.033782199996494455,0.033782199996494455,-0.011720759336698916,137,0.033305872734153,274,0.008356891041805953,0,0.0,600,0.018373119132930334,0,0.0,synthetic data generated inside this project,held_out_cell,{},held_out_load_profile
0.005506064103047614,0.004507643126021382,0.9708346013416679,0.01642662460544031,0.0007852998816699486,0.7603810080316787,soc,ridge,42,600,0.0011010999987774994,0.00011350000204402022,0.0012146000008215196,0.0015522893816946048,137,0.0027217070449180574,274,0.005442372083600783,0,0.0,600,0.004507643126021382,0,0.0,synthetic data generated inside this project,held_out_cell,{},held_out_load_profile
0.03654122486803259,0.032919929832889966,-0.28455171229740595,0.07279839591414772,-0.010149974545427716,5.607251592855789,soc,random_forest,42,600,1.7705249999999069,0.005258799999865005,1.7757837999997719,-0.03779222482950212,137,0.03340448470594641,274,0.03107771005440389,0,0.0,600,0.032919929832889966,0,0.0,synthetic data generated inside this project,held_out_cell,"{""max_depth"": 10, ""min_samples_leaf"": 2, ""n_estimators"": 60}",held_out_load_profile
0.024531752118090836,0.02066049567739233,0.421048043388523,0.052922122494058255,-0.006931495190075959,3.5523942294971604,soc,hist_gradient_boosting,42,600,1.7747143999986292,0.004196000001684297,1.7789104000003135,-0.025775651484393647,137,0.021011651096413456,274,0.018419769358584567,0,0.0,600,0.02066049567739233,0,0.0,synthetic data generated inside this project,held_out_cell,{},held_out_load_profile
0.06091703753736842,0.04566882061426082,-2.5699566337540647,0.3462012515535375,-0.0018050099277014345,7.761850409599629,soc,mlp,42,600,0.32876369999939925,0.0004169999992882367,0.3291806999986875,-0.06790784205179085,137,0.047058334593545276,274,0.03976801922668013,0,0.0,600,0.04566882061426082,0,0.0,synthetic data generated inside this project,held_out_cell,"{""alpha"": 0.0005, ""hidden_layer_sizes"": [32], ""max_iter"": 250}",held_out_load_profile
0.012559001058351345,0.00927163964277803,0.8482615705344272,0.11829707832894792,-0.0033403025712495965,1.5797257403723328,soc,narx,42,600,0.44297890000234474,0.9947810000012396,1.4377599000035843,-0.004936227890940392,137,0.008146919807036145,274,0.008273726530828914,0,0.0,600,0.00927163964277803,0,0.0,synthetic data generated inside this project,held_out_cell,"{""feedback_delays"": 3, ""hidden_layers"": [24, 12], ""input_delays"": 4, ""max_iter"": 180}",held_out_load_profile
0.03405950077734486,0.025872672894084726,-0.3776208302953963,0.12291944017225509,-0.0009613127845099397,4.39804158416145,soc,temporal_cnn,42,480,0.8114166000013938,0.0010987999994540587,0.8125154000008479,0.018497934853792364,110,0.022240877560317122,226,0.025363640707470343,0,0.0,480,0.025872672894084726,0,0.0,synthetic data generated inside this project,held_out_cell,"{""channels"": 12}",held_out_load_profile
0.020927796894495802,0.016751391745207168,0.479884054491891,0.06676554022168335,0.00015262140953830605,2.8423111231958793,soc,gru,42,480,2.2230095000013534,0.005086900000605965,2.2280964000019594,-0.008774051153898066,110,0.017937519053090354,226,0.01713348807643154,0,0.0,480,0.016751391745207168,0,0.0,synthetic data generated inside this project,held_out_cell,"{""hidden_size"": 12}",held_out_load_profile
0.1066981641361812,0.09319324361211896,-9.952147510570967,0.1494249444500173,-0.09319324361211896,15.778551623216677,soc,coulomb_counting,42,600,0.0,0.028771299999789335,0.028771299999789335,-0.14208276049754925,137,0.08944167099589596,274,0.09657132898473236,0,0.0,600,0.09319324361211896,0,0.0,synthetic data generated inside this project,held_out_cell,{},held_out_load_profile
0.023388510938628874,0.019102036881707966,0.4737519057563242,0.058443617980570295,-0.01796336900724925,3.235583217073365,soc,ocv_lookup,42,600,0.0,7.90999984019436e-05,7.90999984019436e-05,-0.009762748470095062,137,0.03308745008511317,274,0.009732964074558694,0,0.0,600,0.019102036881707966,0,0.0,synthetic data generated inside this project,held_out_cell,{},held_out_load_profile
0.022375693458757877,0.018373119132930334,0.5183424214790576,0.0467624192650814,-0.018126786060174236,3.112176475333846,soc,ekf,42,600,0.0,0.034212599999591475,0.034212599999591475,-0.011720759336698916,137,0.033305872734153,274,0.008356891041805953,0,0.0,600,0.018373119132930334,0,0.0,synthetic data generated inside this project,held_out_cell,{},held_out_load_profile
0.005506064103047614,0.004507643126021382,0.9708346013416679,0.01642662460544031,0.0007852998816699486,0.7603810080316787,soc,ridge,73,600,0.0009099999988393392,0.00010599999950500205,0.0010159999983443413,0.0015522893816946048,137,0.0027217070449180574,274,0.005442372083600783,0,0.0,600,0.004507643126021382,0,0.0,synthetic data generated inside this project,held_out_cell,{},held_out_load_profile
0.034764197497828754,0.031115206752760857,-0.16265217299787316,0.07356500685276746,-0.01049961378043375,5.2870298951425125,soc,random_forest,73,600,1.8086237999996229,0.004125999999814667,1.8127497999994375,-0.04224491901264443,137,0.03327614473006739,274,0.0292068029436144,0,0.0,600,0.031115206752760857,0,0.0,synthetic data generated inside this project,held_out_cell,"{""max_depth"": 10, ""min_samples_leaf"": 2, ""n_estimators"": 60}",held_out_load_profile
0.024531752118090836,0.02066049567739233,0.421048043388523,0.052922122494058255,-0.006931495190075959,3.5523942294971604,soc,hist_gradient_boosting,73,600,1.873587399997632,0.016376599996874575,1.8899639999945066,-0.025775651484393647,137,0.021011651096413456,274,0.018419769358584567,0,0.0,600,0.02066049567739233,0,0.0,synthetic data generated inside this project,held_out_cell,{},held_out_load_profile
0.04793547394619404,0.03608347696222355,-1.210545415865644,0.252685378359821,0.0020369508729018147,6.076262371386433,soc,mlp,73,600,0.2491773000001558,0.00026110000180779025,0.2494384000019636,0.016309055050972132,137,0.037743660915423874,274,0.034940587684470066,0,0.0,600,0.03608347696222355,0,0.0,synthetic data generated inside this project,held_out_cell,"{""alpha"": 0.0005, ""hidden_layer_sizes"": [32], ""max_iter"": 250}",held_out_load_profile
0.012340800339221388,0.010075150817820781,0.8534883894164336,0.04789196628267056,-0.0031404173627287194,1.7018363003005559,soc,narx,73,600,0.4566301000013482,0.9814474000013433,1.4380775000026915,-0.004734924056490453,137,0.009582566815884631,274,0.010824655805919951,0,0.0,600,0.010075150817820781,0,0.0,synthetic data generated inside this project,held_out_cell,"{""feedback_delays"": 3, ""hidden_layers"": [24, 12], ""input_delays"": 4, ""max_iter"": 180}",held_out_load_profile
0.038203343171615944,0.02919234551244617,-0.7332287491556504,0.11642345783954244,-0.002883817636725389,4.907411863628896,soc,temporal_cnn,73,480,0.7845118000004732,0.0008338000006915536,0.7853456000011647,-0.001198241198301142,110,0.02950497966718802,226,0.029720091801943665,0,0.0,480,0.02919234551244617,0,0.0,synthetic data generated inside this project,held_out_cell,"{""channels"": 12}",held_out_load_profile
0.026475255248711554,0.021076995615104746,0.1675973455278026,0.08961556582342989,0.00393354215099704,3.570444316615653,soc,gru,73,480,2.229019000002154,0.002769900002022041,2.231788900004176,0.03158353856778162,110,0.023417534716975677,226,0.020311008082967628,0,0.0,480,0.021076995615104746,0,0.0,synthetic data generated inside this project,held_out_cell,"{""hidden_size"": 12}",held_out_load_profile
0.1066981641361812,0.09319324361211896,-9.952147510570967,0.1494249444500173,-0.09319324361211896,15.778551623216677,soc,coulomb_counting,73,600,0.0,0.028147499997430714,0.028147499997430714,-0.14208276049754925,137,0.08944167099589596,274,0.09657132898473236,0,0.0,600,0.09319324361211896,0,0.0,synthetic data generated inside this project,held_out_cell,{},held_out_load_profile
0.023388510938628874,0.019102036881707966,0.4737519057563242,0.058443617980570295,-0.01796336900724925,3.235583217073365,soc,ocv_lookup,73,600,0.0,7.090000144671649e-05,7.090000144671649e-05,-0.009762748470095062,137,0.03308745008511317,274,0.009732964074558694,0,0.0,600,0.019102036881707966,0,0.0,synthetic data generated inside this project,held_out_cell,{},held_out_load_profile
0.022375693458757877,0.018373119132930334,0.5183424214790576,0.0467624192650814,-0.018126786060174236,3.112176475333846,soc,ekf,73,600,0.0,0.0347077000005811,0.0347077000005811,-0.011720759336698916,137,0.033305872734153,274,0.008356891041805953,0,0.0,600,0.018373119132930334,0,0.0,synthetic data generated inside this project,held_out_cell,{},held_out_load_profile
